Feature set,MAE,MSE,RMSE,R2
All features,0.388801,1.012789,1.006374,0.942218
Top 5 features,0.9831490883148093,3.499800999128522,1.8707755074109031,0.8003293751871741
